                  epoch,           train/box_om,           train/cls_om,           train/dfl_om,           train/box_oo,           train/cls_oo,           train/dfl_oo,   metrics/precision(B),      metrics/recall(B),       metrics/mAP50(B),    metrics/mAP50-95(B),             val/box_om,             val/cls_om,             val/dfl_om,             val/box_oo,             val/cls_oo,             val/dfl_oo,                 lr/pg0,                 lr/pg1,                 lr/pg2
                      1,                 3.0598,                 3.9265,                 4.2846,                 2.7967,                 8.2079,                 4.3613,                0.00073,                0.41667,                0.00116,                0.00043,                  2.905,                 4.0688,                 4.1566,                 2.7597,                 13.501,                 4.1565,             0.00020004,             0.00020004,             0.00020004
                      2,                 3.1352,                 3.8267,                 4.1859,                 2.8545,                 7.5246,                  4.253,                0.00146,                0.43398,                0.00137,                0.00041,                  2.888,                 4.0638,                 4.1311,                 2.7518,                   13.4,                  4.146,             0.00041469,             0.00041469,             0.00041469
                      3,                 3.1034,                 3.7426,                 4.0891,                 2.8302,                 7.2621,                 4.1427,                0.00164,                0.44589,                0.00154,                0.00048,                 2.8655,                 4.0444,                 4.0555,                 2.7337,                 13.077,                 4.1222,             0.00062719,             0.00062719,             0.00062719
                      4,                 3.0199,                 3.6529,                 3.9153,                  2.681,                 6.5954,                 3.9366,                 0.0007,                  0.375,                0.00115,                0.00045,                 2.8512,                 3.9972,                 3.8876,                 2.6141,                 12.125,                 4.0039,             0.00083754,             0.00083754,             0.00083754
                      5,                 3.0387,                 3.5704,                 3.7359,                 2.6149,                 6.2342,                 3.7172,                0.00156,                0.49567,                0.00256,                0.00077,                  2.866,                 3.9622,                 4.1688,                   2.74,                 11.426,                 4.1514,              0.0010458,              0.0010458,              0.0010458
                      6,                 2.8953,                  3.472,                 3.5676,                  2.414,                 5.7381,                 3.4949,                0.00258,                0.49729,                0.00472,                0.00104,                 2.9678,                 3.8494,                 3.4811,                 2.7394,                 10.375,                 3.7492,              0.0012518,              0.0012518,              0.0012518
                      7,                 2.8312,                  3.359,                 3.3773,                 2.3542,                 5.1946,                 3.2729,                0.00212,                0.39177,                0.00358,                0.00079,                 3.0695,                 3.8069,                 3.3718,                 3.0663,                 10.209,                 3.4817,              0.0014557,              0.0014557,              0.0014557
                      8,                 2.7788,                  3.259,                 3.2753,                 2.2386,                 4.8002,                 3.0928,                0.00271,                0.54004,                0.00495,                0.00157,                 2.7868,                 3.6975,                 3.8892,                 2.4697,                 7.2785,                 3.8992,              0.0016092,              0.0016092,              0.0016092
                      9,                 2.6131,                 3.1373,                 3.1401,                 2.1347,                 4.3985,                 2.8689,                0.00284,                0.79275,                0.00621,                0.00165,                 2.7958,                 3.7822,                 3.7468,                  2.445,                 6.3116,                  3.819,              0.0016092,              0.0016092,              0.0016092
                     10,                  2.543,                  3.163,                 3.0784,                 2.0862,                 4.2516,                 2.7812,                0.00332,                0.78139,                0.00871,                0.00212,                 2.9303,                 3.7462,                 3.4289,                  2.531,                 6.0926,                 3.4842,               0.001601,               0.001601,               0.001601
                     11,                 2.5194,                 3.0727,                  3.016,                  2.033,                 4.0828,                 2.6902,                0.00294,                0.77597,                0.04166,                0.01084,                 2.6531,                 3.9725,                 3.9291,                 2.1977,                 5.3079,                 3.6436,              0.0015927,              0.0015927,              0.0015927
                     12,                 2.4208,                 2.9572,                 2.9385,                 1.9364,                 3.8875,                 2.5842,                0.02526,                0.72132,                0.06692,                0.01823,                  2.591,                 5.7496,                 3.4625,                 2.2879,                 5.6279,                 3.4791,              0.0015845,              0.0015845,              0.0015845
                     13,                 2.3194,                 2.8609,                 2.8546,                 1.8867,                 3.6871,                 2.5008,                0.00162,                0.45725,                0.01069,                0.00322,                 2.7194,                 5.0646,                 3.5223,                 2.3181,                 6.1197,                 3.1252,              0.0015762,              0.0015762,              0.0015762
                     14,                 2.2819,                 2.8628,                 2.7923,                   1.91,                 3.6041,                 2.4838,                0.00553,                0.61255,                0.02664,                  0.009,                 2.6301,                 4.7858,                 3.4922,                 2.1763,                 5.1381,                 3.0344,               0.001568,               0.001568,               0.001568
                     15,                 2.2243,                 2.7631,                 2.7472,                 1.8423,                 3.4519,                 2.4186,                0.63441,                0.08782,                0.09128,                0.02781,                 2.8069,                 7.0721,                 3.6221,                 2.4187,                 5.5138,                 3.3155,              0.0015597,              0.0015597,              0.0015597
                     16,                 2.2034,                 2.7358,                 2.7026,                 1.8536,                 3.4118,                 2.4152,                0.57893,                0.13636,                 0.0527,                0.01629,                 2.6683,                 9.3435,                 3.4199,                 2.3015,                 10.916,                 3.0942,              0.0015515,              0.0015515,              0.0015515
                     17,                 2.1882,                 2.6799,                 2.6817,                 1.8298,                 3.2984,                 2.3549,                0.58637,                0.15909,                0.09216,                0.02954,                 2.4163,                 4.7263,                 3.0136,                 1.9867,                 4.8711,                 2.7168,              0.0015432,              0.0015432,              0.0015432
                     18,                 2.1694,                 2.5444,                  2.594,                 1.7892,                 3.1151,                 2.2708,                0.57817,                0.21591,                 0.0953,                0.02859,                 2.3531,                 6.1295,                 3.0008,                 1.9047,                 5.7022,                 2.7117,               0.001535,               0.001535,               0.001535
                     19,                 2.1042,                  2.564,                 2.5852,                 1.7452,                 3.1332,                 2.2833,                0.58864,                  0.125,                0.07138,                0.02733,                 2.4963,                 5.1315,                 3.1916,                 2.1337,                 5.0454,                  2.861,              0.0015267,              0.0015267,              0.0015267
                     20,                 2.0914,                 2.5852,                 2.5666,                 1.7505,                  3.129,                  2.271,                0.64423,                0.15909,                0.12027,                0.03986,                 2.2247,                 3.6673,                 2.8254,                 1.8219,                 4.3377,                 2.5566,              0.0015185,              0.0015185,              0.0015185
                     21,                 2.0202,                 2.4386,                  2.463,                 1.7271,                 2.9493,                 2.1764,                0.27714,                0.29654,                0.20695,                0.07891,                 2.1189,                  3.118,                 2.7175,                 1.7542,                 3.5492,                  2.393,              0.0015102,              0.0015102,              0.0015102
                     22,                 2.0118,                 2.4112,                 2.4512,                 1.7401,                 2.9298,                 2.2061,                0.18087,                0.30574,                0.17568,                0.05219,                 2.1692,                 3.6697,                 2.8511,                 2.0209,                 4.1016,                 2.6615,               0.001502,               0.001502,               0.001502
                     23,                 2.0044,                 2.3618,                 2.4514,                 1.7355,                 2.8819,                 2.2023,                0.15625,                0.26017,                 0.1344,                 0.0447,                 2.1559,                 3.5012,                 2.7742,                 1.9584,                 3.9362,                  2.547,              0.0014937,              0.0014937,              0.0014937
                     24,                 1.9684,                 2.3166,                 2.3946,                 1.7286,                 2.8431,                 2.1707,                0.15988,                0.21699,                0.16125,                0.05931,                  2.071,                 3.3732,                 2.6949,                 1.7977,                 3.7463,                 2.4358,              0.0014855,              0.0014855,              0.0014855
                     25,                 1.8964,                 2.2357,                 2.3479,                 1.6746,                 2.6943,                 2.1174,                0.28088,                0.28734,                0.21702,                0.07946,                 2.1371,                 3.0103,                  2.702,                 1.7651,                 3.3073,                 2.3948,              0.0014772,              0.0014772,              0.0014772
                     26,                 1.8882,                 2.1863,                 2.3236,                 1.6672,                 2.6899,                 2.1183,                 0.2352,                0.30205,                 0.2535,                0.10027,                 2.0214,                  3.356,                 2.6122,                 1.7376,                 3.4702,                  2.328,               0.001469,               0.001469,               0.001469
                     27,                 1.8534,                 2.1659,                 2.2838,                 1.6292,                 2.6157,                 2.0783,                0.27796,                0.40235,                0.28458,                0.12722,                 2.0003,                 2.3987,                 2.5768,                 1.5347,                   3.03,                  2.238,              0.0014607,              0.0014607,              0.0014607
                     28,                 1.8653,                  2.096,                 2.2459,                 1.6955,                 2.5339,                 2.0906,                0.41236,                0.34307,                 0.3989,                0.17118,                 2.0107,                 2.3493,                 2.6711,                 1.7454,                 2.8225,                 2.4393,              0.0014525,              0.0014525,              0.0014525
                     29,                 1.8295,                 2.1833,                 2.2753,                 1.6519,                 2.6253,                 2.0885,                0.23782,                0.27652,                0.15295,                0.07301,                 2.2091,                 2.7563,                 2.8443,                 1.8695,                 3.3287,                  2.538,              0.0014442,              0.0014442,              0.0014442
                     30,                 1.7834,                 2.0706,                 2.2172,                 1.6373,                 2.4893,                  2.026,                0.26242,                 0.4237,                0.30606,                0.14008,                 2.0447,                 2.2191,                 2.6169,                 1.7492,                 2.7153,                 2.2974,               0.001436,               0.001436,               0.001436
                     31,                 1.7856,                 1.9892,                 2.1891,                 1.6114,                 2.4172,                 2.0111,                0.43962,                0.33225,                0.38679,                0.18547,                 1.9173,                 2.0602,                 2.5331,                 1.5945,                 2.7428,                 2.3127,              0.0014277,              0.0014277,              0.0014277
                     32,                 1.7527,                 2.0412,                 2.1679,                 1.5588,                  2.438,                 1.9731,                0.25568,                0.22998,                0.19211,                0.08719,                 1.9888,                 2.3348,                 2.6906,                 1.7806,                 2.9554,                 2.4441,              0.0014195,              0.0014195,              0.0014195
                     33,                  1.717,                 1.9518,                 2.1457,                 1.5595,                 2.3465,                 1.9533,                0.28803,                0.44751,                0.32772,                0.14449,                 1.8463,                 2.2986,                 2.4153,                 1.6326,                 2.7994,                 2.2543,              0.0014112,              0.0014112,              0.0014112
                     34,                 1.7353,                  1.954,                 2.1389,                 1.5812,                 2.3385,                 1.9934,                0.30604,                0.47294,                0.40053,                0.18401,                 1.7735,                  2.241,                 2.3662,                  1.702,                 2.6583,                  2.343,              0.0014029,              0.0014029,              0.0014029
                     35,                 1.6738,                 1.8837,                  2.098,                 1.5357,                 2.2401,                 1.9285,                0.35608,                0.35918,                0.33323,                0.13704,                 1.8222,                 2.2872,                 2.3929,                 1.7046,                 2.7209,                 2.2906,              0.0013947,              0.0013947,              0.0013947
                     36,                 1.6991,                 1.8095,                 2.0916,                 1.5709,                 2.1929,                 1.9499,                0.42831,                0.41558,                0.43604,                0.20179,                 1.8884,                 1.9506,                 2.4893,                 1.6765,                  2.507,                 2.2728,              0.0013864,              0.0013864,              0.0013864
                     37,                 1.6489,                 1.7726,                 2.0537,                  1.565,                 2.1255,                  1.947,                0.38104,                0.50703,                 0.4611,                0.22285,                 1.6686,                 1.7237,                 2.2201,                 1.5574,                  2.191,                 2.1492,              0.0013782,              0.0013782,              0.0013782
                     38,                  1.658,                 1.8054,                 2.0683,                 1.5288,                 2.1237,                 1.9315,                0.36745,                0.49263,                0.40473,                0.18251,                 1.9079,                 1.8323,                 2.4669,                 1.7774,                 2.3412,                 2.3446,              0.0013699,              0.0013699,              0.0013699
                     39,                 1.6344,                  1.787,                 2.0568,                 1.5406,                 2.1323,                 1.9243,                0.34223,                0.49892,                0.40177,                0.19445,                 1.7052,                 1.9943,                 2.2666,                 1.7421,                 2.2578,                 2.3039,              0.0013617,              0.0013617,              0.0013617
                     40,                 1.6657,                  1.767,                 2.0853,                 1.5578,                 2.1391,                  1.938,                 0.5155,                0.39185,                0.37672,                0.13091,                 1.9805,                 2.4751,                 2.4884,                 1.8293,                 2.9888,                 2.3758,              0.0013534,              0.0013534,              0.0013534
                     41,                 1.5902,                 1.7375,                 1.9979,                 1.5059,                 2.0698,                 1.8699,                0.43044,                0.41739,                0.37332,                 0.1719,                 1.8568,                 2.1905,                 2.3186,                 1.7474,                 2.5631,                 2.2436,              0.0013452,              0.0013452,              0.0013452
                     42,                 1.6008,                 1.7623,                  2.005,                 1.4884,                 2.0689,                 1.8604,                0.46604,                0.54411,                0.53824,                0.28529,                 1.5374,                 1.6322,                 2.1334,                 1.4929,                 1.9618,                 2.0667,              0.0013369,              0.0013369,              0.0013369
                     43,                  1.579,                 1.7563,                 2.0128,                 1.4807,                 2.0522,                 1.8636,                0.43291,                0.54221,                0.48648,                0.24083,                 1.6838,                 1.6805,                 2.2842,                  1.656,                 1.9569,                  2.152,              0.0013287,              0.0013287,              0.0013287
                     44,                 1.5649,                 1.6681,                 1.9644,                 1.4666,                 1.9661,                 1.8243,                0.43226,                0.52868,                0.44406,                0.19288,                 1.7578,                 1.8592,                 2.2718,                 1.6597,                 2.2646,                 2.2079,              0.0013204,              0.0013204,              0.0013204
                     45,                 1.5789,                 1.6813,                  2.008,                 1.5134,                 1.9759,                 1.9007,                0.48336,                0.53355,                0.51041,                 0.2505,                 1.5821,                 1.6605,                   2.17,                 1.6172,                 2.0168,                 2.1457,              0.0013122,              0.0013122,              0.0013122
                     46,                 1.5208,                 1.6181,                 1.9439,                 1.4643,                 1.9155,                 1.8546,                0.58091,                 0.5867,                0.56389,                0.29896,                 1.5724,                 1.6912,                 2.1311,                 1.5429,                 2.0493,                 2.0889,              0.0013039,              0.0013039,              0.0013039
                     47,                 1.5807,                 1.6791,                 1.9844,                  1.504,                  1.984,                 1.8738,                0.56071,                0.53301,                0.52983,                 0.2478,                 1.6198,                 1.8679,                  2.166,                 1.6698,                 1.9774,                 2.2254,              0.0012957,              0.0012957,              0.0012957
                     48,                 1.5072,                 1.6631,                 1.9389,                 1.4453,                 1.9473,                 1.8414,                 0.5346,                0.63745,                0.56933,                0.30804,                 1.5564,                 1.4776,                 2.1463,                 1.4155,                 1.8558,                  2.095,              0.0012874,              0.0012874,              0.0012874
                     49,                 1.4812,                 1.6081,                 1.9247,                 1.4398,                 1.8851,                 1.8425,                0.60335,                0.64827,                0.67939,                 0.3726,                 1.4785,                  1.342,                 2.0635,                 1.5125,                 1.5455,                 2.1098,              0.0012792,              0.0012792,              0.0012792
                     50,                 1.5133,                 1.6112,                 1.9442,                 1.4697,                 1.9027,                 1.8542,                 0.5727,                0.58929,                 0.6225,                0.38374,                 1.5143,                 1.3101,                 2.0508,                 1.3977,                 1.6336,                 1.9681,              0.0012709,              0.0012709,              0.0012709
                     51,                 1.5617,                 1.6075,                  1.964,                   1.47,                  1.922,                 1.8489,                0.49588,                0.48423,                0.52467,                0.28259,                 1.6085,                 1.6015,                 2.1816,                 1.4958,                 1.8899,                 2.0576,              0.0012627,              0.0012627,              0.0012627
                     52,                 1.5111,                 1.5608,                 1.9173,                 1.4454,                  1.884,                 1.8226,                0.49396,                 0.5184,                0.49811,                0.22512,                 1.6946,                 1.7727,                 2.1904,                 1.7251,                 2.0128,                 2.2054,              0.0012544,              0.0012544,              0.0012544
                     53,                 1.5031,                 1.5941,                 1.9253,                   1.48,                 1.8776,                 1.8718,                0.52021,                0.53722,                0.56288,                0.29653,                 1.6737,                 1.5906,                 2.1625,                 1.6066,                 1.9818,                 2.1088,              0.0012462,              0.0012462,              0.0012462
                     54,                 1.4458,                 1.5377,                 1.8973,                 1.3887,                 1.8344,                  1.812,                 0.5718,                0.55682,                0.58016,                0.32504,                 1.5016,                 1.5077,                 1.9941,                 1.4962,                 1.7619,                 2.0004,              0.0012379,              0.0012379,              0.0012379
                     55,                 1.4769,                 1.5533,                 1.8908,                 1.4295,                 1.8206,                 1.8245,                 0.5214,                0.65963,                0.63118,                0.33871,                 1.4215,                 1.4413,                 1.9594,                 1.4206,                 1.6341,                 1.9299,              0.0012297,              0.0012297,              0.0012297
                     56,                 1.4779,                 1.5309,                  1.873,                 1.4273,                 1.8127,                 1.7894,                0.64697,                0.55574,                0.63902,                0.35982,                 1.4682,                 1.3317,                 2.0593,                 1.4059,                 1.5756,                  2.005,              0.0012214,              0.0012214,              0.0012214
                     57,                 1.4373,                 1.4746,                 1.8639,                 1.4133,                 1.7651,                 1.7954,                0.65608,                0.60333,                0.63262,                0.35216,                 1.3721,                 1.4014,                 1.9396,                 1.4078,                 1.6362,                 1.9555,              0.0012132,              0.0012132,              0.0012132
                     58,                  1.432,                 1.4955,                 1.8614,                 1.3968,                  1.743,                 1.7904,                0.65259,                0.65153,                0.67979,                0.38991,                 1.3917,                 1.2329,                 1.9651,                 1.4707,                   1.56,                 2.0881,              0.0012049,              0.0012049,              0.0012049
                     59,                 1.3805,                 1.4337,                 1.7835,                  1.327,                  1.686,                 1.7008,                 0.5799,                0.60653,                0.60975,                 0.3325,                 1.5248,                 1.3675,                 2.0718,                  1.451,                 1.6882,                  2.025,              0.0011967,              0.0011967,              0.0011967
                     60,                 1.3947,                 1.4214,                 1.7968,                 1.3611,                 1.6606,                 1.7291,                0.59609,                0.70626,                0.68691,                0.39817,                 1.3376,                 1.3231,                 1.9372,                 1.3061,                 1.4802,                 1.9372,              0.0011884,              0.0011884,              0.0011884
                     61,                 1.4293,                 1.5052,                 1.8502,                 1.4125,                 1.7917,                 1.7955,                0.60018,                0.61845,                0.61857,                0.33719,                 1.4979,                  1.354,                 2.0724,                  1.352,                 1.7161,                 1.9418,              0.0011802,              0.0011802,              0.0011802
                     62,                 1.4303,                 1.4141,                 1.8195,                 1.4017,                 1.6578,                 1.7522,                 0.7133,                0.70942,                0.74883,                0.46501,                  1.336,                 1.0903,                 1.9443,                 1.3238,                 1.2982,                 1.8941,              0.0011719,              0.0011719,              0.0011719
                     63,                 1.3911,                 1.4275,                 1.7954,                  1.364,                 1.6856,                 1.7223,                0.62638,                0.61364,                0.64075,                 0.3458,                 1.4339,                 1.4621,                 1.9807,                 1.4484,                 1.7367,                  1.993,              0.0011636,              0.0011636,              0.0011636
                     64,                 1.4118,                 1.4221,                  1.795,                 1.3666,                 1.7072,                 1.7454,                0.71252,                0.59145,                 0.6686,                0.34127,                 1.4876,                 1.3294,                 2.1104,                 1.4658,                 1.6323,                 2.0231,              0.0011554,              0.0011554,              0.0011554
                     65,                 1.4209,                 1.4321,                 1.8433,                  1.398,                 1.6998,                  1.794,                0.71132,                0.72933,                0.75066,                 0.4793,                 1.4082,                 1.0736,                 2.0433,                 1.4206,                  1.274,                 1.9716,              0.0011471,              0.0011471,              0.0011471
                     66,                 1.4141,                 1.3705,                 1.8003,                 1.3865,                 1.6129,                 1.7326,                 0.7392,                0.71916,                0.77715,                0.46631,                 1.2499,                 1.0396,                 1.7874,                 1.3492,                 1.3185,                 1.8751,              0.0011389,              0.0011389,              0.0011389
                     67,                  1.419,                 1.4346,                 1.8201,                 1.3934,                 1.6944,                 1.7666,                0.79462,                0.57388,                0.68709,                 0.4207,                 1.4173,                 1.1688,                 1.9854,                 1.3792,                  1.417,                 1.9946,              0.0011306,              0.0011306,              0.0011306
                     68,                   1.35,                 1.3428,                 1.7493,                 1.2978,                 1.6051,                 1.6648,                0.68418,                0.66796,                0.71291,                0.43558,                 1.3084,                  1.179,                 1.8257,                 1.2871,                 1.3747,                 1.8418,              0.0011224,              0.0011224,              0.0011224
                     69,                 1.3321,                 1.3385,                  1.745,                 1.3271,                 1.6143,                 1.7002,                0.80567,                0.66021,                0.72794,                0.42483,                  1.429,                 1.2488,                 2.0596,                 1.4392,                 1.3548,                 2.0945,              0.0011141,              0.0011141,              0.0011141
                     70,                 1.3638,                 1.3761,                 1.7767,                 1.3359,                 1.6176,                 1.7226,                0.65551,                0.69535,                0.72502,                0.37837,                 1.3124,                 1.2374,                  1.847,                 1.3979,                 1.3455,                 1.8685,              0.0011059,              0.0011059,              0.0011059
                     71,                 1.3321,                 1.3816,                 1.7334,                 1.3169,                 1.6346,                  1.676,                0.66355,                0.60065,                  0.675,                0.42706,                 1.3444,                 1.2618,                 1.8996,                 1.5028,                 1.5065,                 1.9981,              0.0010976,              0.0010976,              0.0010976
                     72,                 1.3323,                  1.332,                 1.7489,                 1.3075,                 1.5691,                 1.6931,                0.73708,                0.71079,                0.76729,                0.47878,                  1.217,                  1.062,                 1.8149,                 1.2684,                 1.3112,                 1.8352,              0.0010894,              0.0010894,              0.0010894
                     73,                 1.3168,                 1.3236,                  1.742,                 1.3029,                 1.5633,                 1.6852,                0.72008,                0.72602,                0.74875,                0.42697,                 1.2392,                 1.1435,                 1.8646,                 1.3294,                 1.3961,                 1.9507,              0.0010811,              0.0010811,              0.0010811
                     74,                 1.3081,                 1.3554,                 1.7371,                 1.3077,                  1.575,                 1.6989,                0.71258,                0.69336,                0.76007,                0.48089,                 1.1855,                 1.1253,                 1.7336,                 1.2439,                 1.2757,                 1.7487,              0.0010729,              0.0010729,              0.0010729
                     75,                 1.2993,                 1.3331,                 1.7285,                 1.2841,                 1.5684,                 1.6824,                0.68422,                0.73456,                0.80571,                0.51264,                 1.1992,                0.98276,                 1.7524,                 1.2144,                  1.161,                 1.7346,              0.0010646,              0.0010646,              0.0010646
                     76,                 1.2294,                 1.2358,                 1.6699,                 1.2233,                 1.4642,                 1.6429,                0.67571,                0.77216,                0.75125,                0.47081,                 1.2115,                   1.01,                 1.7588,                 1.2609,                 1.0717,                 1.7491,              0.0010564,              0.0010564,              0.0010564
                     77,                 1.2676,                 1.2525,                 1.6869,                 1.2424,                 1.5019,                 1.6442,                0.75751,                0.54491,                0.66587,                0.36347,                 1.4418,                  1.245,                 1.9985,                 1.4553,                 1.3929,                 1.9579,              0.0010481,              0.0010481,              0.0010481
                     78,                 1.3239,                 1.3027,                 1.7227,                 1.3153,                 1.5226,                 1.6562,                0.67559,                0.70545,                0.73215,                0.45835,                 1.3083,                 1.1726,                 1.9259,                  1.328,                 1.3513,                 1.9433,              0.0010399,              0.0010399,              0.0010399
                     79,                 1.3372,                 1.3415,                 1.7553,                 1.3243,                 1.5625,                 1.6995,                0.74601,                0.70921,                0.77401,                0.50123,                 1.3052,                 1.1865,                 1.8957,                 1.2617,                 1.4483,                 1.7764,              0.0010316,              0.0010316,              0.0010316
                     80,                 1.2843,                 1.2771,                 1.7092,                 1.2852,                  1.508,                  1.666,                0.65818,                0.76532,                0.79623,                0.48535,                 1.1732,                 1.1024,                 1.7365,                 1.1964,                 1.2619,                 1.7542,              0.0010234,              0.0010234,              0.0010234
                     81,                 1.2574,                 1.2666,                 1.7044,                 1.2355,                 1.4867,                 1.6405,                0.68311,                0.76952,                0.80504,                0.46197,                 1.2247,                 1.1626,                 1.7651,                 1.2075,                  1.458,                 1.7673,              0.0010151,              0.0010151,              0.0010151
                     82,                 1.2039,                  1.203,                 1.6291,                 1.2131,                 1.4332,                 1.6063,                0.73186,                0.76754,                0.79552,                0.46983,                 1.3071,                 1.0775,                 1.8431,                 1.3499,                 1.2692,                  1.881,              0.0010069,              0.0010069,              0.0010069
                     83,                 1.2585,                 1.2267,                 1.6683,                 1.2565,                 1.4366,                 1.6313,                 0.7503,                0.75487,                0.81398,                0.52523,                 1.2346,                0.98186,                 1.7681,                 1.3055,                 1.1172,                   1.79,             0.00099862,             0.00099862,             0.00099862
                     84,                 1.2446,                 1.2334,                  1.656,                 1.2557,                 1.4442,                 1.6212,                0.74207,                 0.7289,                0.77611,                0.48798,                 1.2869,                 1.1658,                 1.9136,                 1.3114,                 1.3914,                  1.805,             0.00099036,             0.00099036,             0.00099036
                     85,                 1.2617,                 1.2209,                 1.6817,                 1.2394,                 1.4783,                 1.6314,                0.79976,                0.75307,                0.83807,                0.55531,                 1.2806,                  1.019,                 1.8816,                 1.3271,                 1.0119,                 1.8846,             0.00098211,             0.00098211,             0.00098211
                     86,                 1.2337,                 1.2148,                 1.6401,                 1.2281,                 1.4441,                 1.5931,                0.79286,                0.78408,                0.82781,                0.55513,                 1.1426,                 1.0254,                 1.6994,                 1.1383,                 1.1874,                 1.6978,             0.00097386,             0.00097386,             0.00097386
                     87,                  1.242,                 1.2251,                 1.6763,                 1.2283,                 1.4687,                 1.6213,                0.87142,                0.68344,                0.84518,                0.56879,                 1.1357,                0.97601,                 1.7077,                 1.2172,                 1.0268,                 1.7493,             0.00096561,             0.00096561,             0.00096561
                     88,                 1.2381,                  1.202,                 1.6547,                 1.2226,                 1.4294,                 1.6083,                0.80413,                 0.7289,                0.87029,                0.58806,                 1.1569,                 1.0013,                 1.6901,                 1.2673,                0.96657,                 1.7552,             0.00095736,             0.00095736,             0.00095736
                     89,                  1.208,                 1.1694,                 1.6288,                 1.2028,                 1.3767,                    1.6,                0.83006,                0.81331,                 0.8595,                0.54277,                 1.1271,                0.98457,                 1.6851,                  1.268,                 1.0515,                 1.7755,             0.00094911,             0.00094911,             0.00094911
                     90,                 1.2233,                 1.1432,                 1.6412,                  1.222,                 1.3573,                 1.5962,                0.89971,                0.73575,                0.85969,                0.58048,                 1.1906,                0.93329,                  1.759,                 1.3551,                0.99226,                 1.8245,             0.00094085,             0.00094085,             0.00094085
                     91,                 1.2285,                 1.1939,                 1.6524,                 1.2409,                 1.4338,                  1.611,                0.82699,                 0.7911,                0.88187,                0.62496,                 1.1311,                0.85249,                 1.7064,                 1.2228,                0.82171,                 1.7477,              0.0009326,              0.0009326,              0.0009326
                     92,                 1.2524,                 1.1625,                 1.6673,                 1.2432,                 1.3638,                 1.6101,                0.82574,                0.80195,                0.89378,                0.57981,                 1.1971,                0.81556,                 1.7434,                 1.2316,                0.91011,                 1.7331,             0.00092435,             0.00092435,             0.00092435
                     93,                 1.1894,                  1.131,                 1.6109,                 1.1835,                 1.3594,                 1.5679,                0.84546,                0.70458,                0.85414,                0.58694,                 1.0582,                0.89926,                 1.6329,                  1.122,                  1.035,                 1.6845,              0.0009161,              0.0009161,              0.0009161
                     94,                  1.204,                 1.1461,                  1.635,                 1.2105,                 1.3358,                 1.5895,                0.73562,                0.80959,                0.82322,                0.55547,                 1.0686,                0.94506,                 1.5909,                 1.1509,                 1.0967,                  1.615,             0.00090785,             0.00090785,             0.00090785
                     95,                  1.223,                 1.1601,                 1.6237,                 1.2128,                 1.3722,                  1.579,                 0.7576,                0.78898,                0.85721,                0.61226,                 1.0571,                0.82742,                 1.6244,                   1.03,                0.96744,                 1.6336,              0.0008996,              0.0008996,              0.0008996
                     96,                  1.218,                 1.1493,                 1.6326,                 1.2079,                  1.359,                  1.582,                0.88414,                0.83712,                0.90875,                0.65609,                 1.0403,                0.77028,                 1.6255,                 1.0517,                0.71162,                 1.6482,             0.00089134,             0.00089134,             0.00089134
                     97,                 1.1906,                 1.1402,                  1.599,                 1.1986,                 1.3823,                 1.5619,                0.86586,                0.72852,                0.87432,                0.64055,                0.99923,                0.84371,                 1.5794,                  1.013,                0.94362,                 1.5784,             0.00088309,             0.00088309,             0.00088309
                     98,                  1.187,                 1.1711,                 1.6133,                 1.1998,                 1.3709,                 1.5744,                 0.8508,                 0.7236,                0.87242,                0.61637,                0.90901,                0.79438,                 1.5001,                  1.036,                0.92222,                 1.5709,             0.00087484,             0.00087484,             0.00087484
                     99,                 1.1675,                 1.0814,                 1.6041,                 1.1783,                 1.2864,                 1.5742,                0.92958,                0.76677,                0.91703,                0.64012,                0.97406,                0.83359,                 1.5447,                 1.0483,                 1.0022,                 1.5609,             0.00086659,             0.00086659,             0.00086659
                    100,                 1.1861,                 1.1031,                  1.595,                 1.1985,                 1.3097,                 1.5587,                0.78371,                0.76569,                0.84888,                0.59922,                0.98853,                0.91261,                 1.5359,                 1.0426,                 1.0909,                 1.5897,             0.00085834,             0.00085834,             0.00085834
                    101,                 1.1323,                 1.0659,                 1.5737,                 1.1471,                 1.2441,                 1.5347,                0.79721,                 0.7684,                0.85041,                0.57017,                 1.1236,                0.85055,                 1.7047,                 1.2052,                0.95737,                 1.7463,             0.00085009,             0.00085009,             0.00085009
                    102,                 1.1282,                 1.0784,                 1.5705,                 1.1406,                 1.2607,                 1.5477,                0.79303,                0.78502,                0.85713,                0.56332,                 1.0891,                 0.8702,                 1.6133,                 1.1329,                0.97443,                 1.6807,             0.00084184,             0.00084184,             0.00084184
                    103,                 1.1496,                 1.0622,                   1.58,                 1.1487,                 1.2565,                 1.5384,                0.82756,                0.73945,                0.84627,                0.59956,                 1.0363,                 0.9149,                 1.5638,                 1.0422,                 1.0764,                 1.5898,             0.00083358,             0.00083358,             0.00083358
                    104,                 1.1609,                 1.0503,                 1.5793,                  1.164,                  1.231,                 1.5472,                0.83989,                0.81392,                0.89295,                0.59175,                 1.1585,                0.84319,                 1.6989,                 1.2368,                 0.8107,                 1.7489,             0.00082533,             0.00082533,             0.00082533
                    105,                 1.1843,                 1.1059,                 1.5987,                 1.2004,                 1.2991,                 1.5532,                0.82148,                0.77976,                0.87446,                0.62383,                 1.0172,                0.81539,                 1.5529,                 1.0172,                0.87823,                  1.573,             0.00081708,             0.00081708,             0.00081708
                    106,                  1.175,                 1.1153,                 1.5972,                 1.1782,                 1.3053,                 1.5517,                0.84762,                0.81788,                0.89335,                0.63216,                 1.0369,                0.81653,                 1.5719,                 1.0718,                0.90016,                 1.6184,             0.00080883,             0.00080883,             0.00080883
                    107,                 1.1651,                 1.0909,                 1.5924,                 1.1885,                  1.274,                 1.5631,                0.81392,                0.81494,                0.88684,                0.61719,                 1.0939,                0.78018,                 1.6059,                 1.1413,                 0.8132,                 1.5983,             0.00080058,             0.00080058,             0.00080058
                    108,                  1.177,                 1.0822,                 1.5997,                 1.1994,                 1.2397,                 1.5664,                 0.8274,                0.77652,                 0.8679,                0.63121,                 0.9703,                 1.0094,                 1.5323,                 1.0455,                0.96944,                 1.5437,             0.00079233,             0.00079233,             0.00079233
                    109,                  1.117,                  1.059,                 1.5595,                 1.1421,                  1.226,                 1.5382,                0.78249,                 0.8527,                0.91769,                0.67762,                0.88063,                0.73364,                 1.4293,                 1.0215,                0.81501,                 1.5023,             0.00078407,             0.00078407,             0.00078407
                    110,                 1.0918,                 1.0781,                 1.5308,                 1.1199,                 1.2964,                 1.5132,                0.87368,                0.80698,                0.91587,                0.65883,                0.97442,                0.74501,                 1.5409,                 1.0417,                0.84014,                  1.587,             0.00077582,             0.00077582,             0.00077582
                    111,                 1.1119,                 1.0367,                 1.5447,                 1.1192,                 1.1983,                 1.5168,                0.87093,                0.77887,                0.88948,                0.64644,                 1.0144,                0.81631,                 1.5364,                 1.0422,                 0.9693,                  1.586,             0.00076757,             0.00076757,             0.00076757
                    112,                 1.1475,                  1.057,                 1.5806,                 1.1718,                  1.237,                 1.5492,                 0.8088,                 0.8705,                0.92813,                 0.6836,                0.92834,                0.73822,                 1.4599,                  1.058,                0.69291,                 1.5543,             0.00075932,             0.00075932,             0.00075932
                    113,                 1.1014,                 1.0275,                 1.5319,                 1.1097,                 1.2088,                 1.5097,                0.89459,                0.88363,                0.95056,                0.70456,                0.86203,                0.72072,                 1.4165,                0.99036,                0.70175,                 1.5337,             0.00075107,             0.00075107,             0.00075107
                    114,                 1.0944,                 1.0377,                 1.5235,                  1.132,                 1.2335,                 1.5094,                0.78976,                0.80291,                0.90848,                0.67996,                0.91324,                0.73991,                 1.4449,                0.99091,                0.84567,                 1.5183,             0.00074282,             0.00074282,             0.00074282
                    115,                 1.0688,                0.98595,                 1.5009,                 1.0878,                 1.1804,                 1.4696,                0.87334,                0.77976,                0.91146,                0.69299,                0.89371,                0.70534,                 1.4311,                  1.029,                0.67477,                 1.5049,             0.00073456,             0.00073456,             0.00073456
                    116,                 1.0996,                   1.04,                 1.5567,                 1.1259,                  1.212,                 1.5235,                0.77281,                0.82792,                0.86517,                0.64459,                 0.9686,                0.76626,                 1.5346,                  1.009,                0.85182,                 1.5547,             0.00072631,             0.00072631,             0.00072631
                    117,                 1.0942,                 1.0378,                 1.5351,                 1.1139,                 1.2546,                 1.5118,                0.85247,                0.78666,                0.89941,                0.65243,                0.94135,                0.75024,                 1.4563,                  1.035,                0.77915,                 1.5292,             0.00071806,             0.00071806,             0.00071806
                    118,                 1.0684,                0.98295,                 1.5146,                 1.1032,                 1.1513,                 1.4905,                0.80177,                0.81166,                0.88958,                0.64299,                0.91617,                0.74347,                 1.4503,                0.97428,                0.85941,                 1.4933,             0.00070981,             0.00070981,             0.00070981
                    119,                 1.0594,                0.96533,                 1.4856,                 1.0803,                 1.1692,                 1.4783,                0.87381,                0.82453,                0.89242,                0.64648,                0.92175,                0.75435,                 1.4644,                 1.0173,                 0.7584,                 1.5222,             0.00070156,             0.00070156,             0.00070156
                    120,                 1.0741,                 1.0115,                 1.5182,                  1.084,                 1.1734,                 1.4867,                0.86758,                0.82659,                0.92663,                0.68086,                0.94901,                 0.6887,                 1.4688,                 1.0607,                0.69131,                 1.5465,             0.00069331,             0.00069331,             0.00069331
                    121,                 1.0974,                 1.0182,                 1.5463,                 1.1104,                 1.2046,                 1.5244,                0.92311,                0.81094,                0.93154,                0.68562,                0.88572,                0.71013,                 1.4495,                 1.0112,                0.67448,                 1.5487,             0.00068505,             0.00068505,             0.00068505
                    122,                 1.1012,                 1.0013,                 1.5448,                 1.1155,                 1.1853,                   1.52,                0.89196,                0.81061,                0.90309,                0.65982,                0.92223,                0.79563,                 1.4436,                 1.0562,                0.83193,                 1.5487,              0.0006768,              0.0006768,              0.0006768
                    123,                 1.0358,                0.97685,                 1.4889,                  1.044,                 1.1433,                 1.4712,                0.77249,                0.77738,                0.87168,                0.62571,                0.91284,                0.85368,                 1.4947,                 1.0292,                0.88385,                 1.5904,             0.00066855,             0.00066855,             0.00066855
                    124,                 1.0404,                0.93944,                  1.495,                 1.0936,                 1.0969,                 1.4823,                  0.825,                0.72949,                0.86459,                0.60402,                 1.0138,                0.81427,                 1.5431,                 1.0649,                0.89078,                 1.5592,              0.0006603,              0.0006603,              0.0006603
                    125,                 1.0769,                0.97799,                  1.512,                 1.1043,                 1.1632,                 1.4975,                0.81346,                 0.8572,                0.89333,                0.67474,                0.88864,                0.76373,                  1.427,                0.93967,                0.88742,                 1.4523,             0.00065205,             0.00065205,             0.00065205
                    126,                 1.0457,                0.96248,                 1.5087,                 1.0759,                 1.1228,                 1.4951,                0.82592,                0.87706,                0.93762,                0.70529,                0.91927,                0.73116,                 1.4439,                0.97898,                0.69006,                 1.5186,              0.0006438,              0.0006438,              0.0006438
                    127,                 1.0376,                0.92718,                 1.4912,                 1.0538,                 1.1003,                 1.4724,                0.86019,                0.83929,                 0.9189,                0.69612,                0.85978,                 0.7529,                 1.3985,                0.92771,                0.72138,                 1.4641,             0.00063554,             0.00063554,             0.00063554
                    128,                 1.0785,                 0.9839,                 1.5103,                 1.1026,                 1.1635,                 1.4979,                0.90647,                0.83635,                0.94749,                0.72497,                0.84276,                 0.6627,                 1.3863,                 0.9091,                0.65636,                 1.4478,             0.00062729,             0.00062729,             0.00062729
                    129,                 1.0386,                0.93335,                 1.4966,                 1.0568,                 1.0994,                 1.4812,                0.88704,                0.80092,                0.92847,                0.71252,                 0.8417,                0.72039,                 1.3771,                0.91441,                0.71533,                 1.4131,             0.00061904,             0.00061904,             0.00061904
                    130,                 1.0147,                0.92939,                 1.4624,                 1.0233,                 1.0939,                 1.4439,                0.82346,                0.79004,                0.89686,                0.67959,                0.84507,                0.77833,                 1.3917,                 0.9862,                0.81207,                 1.5111,             0.00061079,             0.00061079,             0.00061079
                    131,                 1.0052,                 0.9606,                 1.4762,                 1.0343,                  1.151,                 1.4621,                0.86061,                0.86362,                0.92545,                0.70563,                0.81707,                0.67461,                 1.3484,                0.90566,                0.65466,                 1.4181,             0.00060254,             0.00060254,             0.00060254
                    132,                 1.0189,                0.94512,                 1.4827,                 1.0676,                 1.1064,                 1.4742,                0.85357,                0.77908,                0.90215,                0.71516,                0.76617,                0.67901,                 1.3214,                0.83932,                0.69932,                 1.3831,             0.00059429,             0.00059429,             0.00059429
                    133,                 1.0605,                 0.9742,                 1.5092,                 1.0956,                 1.1568,                 1.4927,                0.80991,                0.76834,                0.87673,                0.66963,                0.90435,                0.78209,                 1.4122,                0.94567,                0.81347,                 1.4646,             0.00058603,             0.00058603,             0.00058603
                    134,                 1.0435,                 0.9726,                 1.4923,                 1.0839,                  1.144,                 1.4734,                0.85125,                0.91883,                0.95639,                0.73199,                0.80724,                0.62541,                 1.3196,                0.86997,                0.66982,                 1.3757,             0.00057778,             0.00057778,             0.00057778
                    135,                 1.0222,                 0.9452,                 1.4562,                  1.066,                  1.118,                 1.4583,                0.92754,                0.78906,                0.93314,                0.71329,                0.82882,                0.61578,                 1.3578,                0.95124,                0.58187,                 1.4226,             0.00056953,             0.00056953,             0.00056953
                    136,                0.99981,                0.91705,                 1.4583,                 1.0407,                 1.0516,                 1.4553,                0.93503,                0.84903,                0.96189,                0.73529,                0.82048,                0.58062,                  1.337,                0.96147,                 0.5295,                 1.4054,             0.00056128,             0.00056128,             0.00056128
                    137,                 1.0339,                0.94341,                 1.4733,                  1.059,                 1.1179,                 1.4558,                 0.9468,                0.87299,                0.97065,                0.75015,                0.77037,                0.59002,                 1.3007,                0.87708,                0.55049,                  1.341,             0.00055303,             0.00055303,             0.00055303
                    138,                0.99997,                0.90052,                 1.4495,                 1.0279,                 1.0879,                 1.4399,                0.87477,                0.85778,                0.95022,                0.75903,                0.77203,                0.55798,                 1.2966,                0.83198,                0.59971,                 1.2993,             0.00054478,             0.00054478,             0.00054478
                    139,                0.96977,                0.90147,                 1.4246,                 1.0114,                 1.0623,                 1.4129,                0.89784,                0.88653,                0.94519,                0.74552,                0.79185,                0.56957,                 1.3223,                0.83541,                0.61402,                 1.3324,             0.00053652,             0.00053652,             0.00053652
                    140,                 1.0092,                0.91246,                 1.4642,                 1.0434,                 1.0888,                  1.462,                0.80381,                0.91358,                0.93915,                0.71231,                 0.8221,                0.58978,                 1.3385,                0.93456,                0.63263,                 1.3711,             0.00052827,             0.00052827,             0.00052827
                    141,                 1.0037,                0.90462,                 1.4413,                 1.0217,                 1.0577,                 1.4132,                0.85655,                0.90081,                0.93001,                0.72658,                0.77492,                0.66694,                 1.2935,                0.87762,                0.65409,                 1.3264,             0.00052002,             0.00052002,             0.00052002
                    142,                0.96402,                0.88326,                 1.4233,                0.99817,                 1.0421,                 1.4163,                0.91962,                0.86976,                0.95905,                 0.7629,                0.71758,                0.59543,                 1.2423,                0.83291,                0.53592,                 1.2933,             0.00051177,             0.00051177,             0.00051177
                    143,                0.99391,                0.90394,                 1.4466,                 1.0384,                 1.0657,                 1.4457,                0.95083,                 0.8784,                0.95666,                 0.7531,                0.71663,                0.58501,                 1.2525,                 0.8465,                0.49874,                 1.3195,             0.00050352,             0.00050352,             0.00050352
                    144,                 0.9533,                0.88379,                 1.4148,                0.98442,                  1.015,                 1.4117,                0.92625,                0.88897,                0.96338,                0.76832,                0.70792,                0.54078,                 1.2376,                0.77209,                0.54057,                 1.2625,             0.00049527,             0.00049527,             0.00049527
                    145,                 1.0011,                0.88549,                 1.4528,                 1.0423,                 1.0443,                 1.4423,                0.83945,                 0.9223,                0.94965,                0.75009,                0.71978,                0.55597,                 1.2505,                0.74168,                0.60629,                 1.2531,             0.00048701,             0.00048701,             0.00048701
                    146,                0.98592,                0.90624,                 1.4367,                 1.0189,                 1.0613,                 1.4261,                0.96427,                0.83766,                0.96549,                0.76696,                0.76969,                0.57889,                 1.2799,                0.84207,                0.54223,                 1.3113,             0.00047876,             0.00047876,             0.00047876
                    147,                0.97269,                0.87749,                 1.4424,                  1.009,                 1.0464,                 1.4362,                0.94286,                0.88322,                0.97047,                0.78921,                0.69529,                0.54929,                 1.2253,                0.75037,                0.51149,                 1.2503,             0.00047051,             0.00047051,             0.00047051
                    148,                0.98333,                0.90401,                  1.438,                  1.021,                 1.0624,                  1.425,                0.82164,                0.93128,                  0.956,                0.73968,                 0.7924,                0.56622,                 1.3336,                0.85361,                0.54617,                 1.3829,             0.00046226,             0.00046226,             0.00046226
                    149,                  1.001,                0.92543,                 1.4584,                 1.0435,                 1.1228,                 1.4584,                0.83329,                0.91197,                0.94355,                0.74723,                0.70922,                0.58573,                 1.2428,                0.83284,                0.56329,                  1.304,             0.00045401,             0.00045401,             0.00045401
                    150,                0.93551,                0.85877,                  1.407,                0.96014,                 1.0317,                 1.3949,                0.88339,                 0.9413,                0.96574,                0.78729,                0.65343,                0.56666,                 1.2111,                0.74317,                0.51815,                 1.2505,             0.00044576,             0.00044576,             0.00044576
                    151,                0.96047,                0.88347,                 1.4221,                0.99051,                  1.052,                 1.4201,                0.86729,                0.88307,                0.94021,                 0.7682,                0.69716,                0.53457,                 1.2266,                0.72147,                0.52016,                 1.2307,              0.0004375,              0.0004375,              0.0004375
                    152,                0.94788,                0.85421,                 1.4107,                0.98422,                 1.0055,                 1.4079,                0.85648,                0.94102,                0.96234,                0.74921,                0.77053,                0.52603,                 1.2836,                0.81908,                0.51369,                   1.33,             0.00042925,             0.00042925,             0.00042925
                    153,                0.94937,                0.83713,                 1.4159,                0.99437,                0.96623,                 1.4144,                0.90342,                0.87476,                0.96047,                0.78582,                0.67498,                0.52863,                 1.2101,                0.71922,                0.52095,                 1.2572,               0.000421,               0.000421,               0.000421
                    154,                0.96078,                0.87598,                  1.423,                0.99752,                 1.0446,                 1.4134,                0.88339,                0.87377,                0.95063,                0.78385,                0.67041,                0.51696,                 1.1984,                0.71268,                 0.5256,                   1.21,             0.00041275,             0.00041275,             0.00041275
                    155,                0.96907,                0.88259,                 1.4266,                 1.0017,                 1.0701,                 1.4174,                0.90777,                0.85481,                0.93623,                0.76997,                0.69583,                0.57992,                 1.2208,                0.75799,                0.59442,                 1.2457,              0.0004045,              0.0004045,              0.0004045
                    156,                 0.9595,                0.86048,                 1.4088,                0.99229,                 1.0366,                  1.404,                0.90774,                0.85931,                0.95139,                0.77902,                 0.6575,                0.53202,                 1.1935,                0.73511,                0.50657,                 1.2338,             0.00039625,             0.00039625,             0.00039625
                    157,                0.88771,                0.79522,                 1.3737,                0.92162,                0.93413,                 1.3678,                 0.8536,                0.94628,                 0.9632,                0.80122,                0.64317,                0.52524,                 1.1856,                0.74839,                0.45538,                 1.2385,             0.00038799,             0.00038799,             0.00038799
                    158,                  0.895,                0.79991,                 1.3694,                0.93222,                0.95209,                 1.3556,                0.91211,                0.89845,                0.96722,                0.79344,                0.67179,                0.52544,                 1.2166,                0.76248,                0.49279,                 1.2543,             0.00037974,             0.00037974,             0.00037974
                    159,                0.91481,                0.80077,                 1.3916,                0.96836,                0.93394,                 1.3869,                0.93254,                0.90972,                0.97451,                0.81125,                0.62826,                0.47709,                 1.1624,                0.67823,                0.42764,                 1.1957,             0.00037149,             0.00037149,             0.00037149
                    160,                0.91637,                0.80069,                 1.3866,                0.93297,                0.96015,                 1.3712,                0.89812,                0.88773,                0.96794,                0.80898,                0.65001,                0.47931,                 1.1795,                0.69339,                0.42002,                 1.1901,             0.00036324,             0.00036324,             0.00036324
                    161,                0.95388,                0.82065,                 1.4099,                0.96449,                0.98453,                 1.3857,                0.85927,                0.92272,                0.96397,                0.81278,                0.66008,                0.49122,                 1.1777,                0.68934,                0.44216,                  1.201,             0.00035499,             0.00035499,             0.00035499
                    162,                0.90776,                0.80052,                 1.3805,                0.93643,                0.94454,                   1.37,                0.87001,                0.91304,                 0.9555,                0.78059,                0.72159,                0.56187,                 1.2379,                0.76456,                0.56231,                  1.246,             0.00034674,             0.00034674,             0.00034674
                    163,                0.93722,                0.82795,                 1.4055,                0.96681,                0.99116,                 1.3963,                0.85458,                0.82973,                0.93999,                0.76589,                0.65201,                0.53645,                 1.1882,                0.68431,                 0.6206,                 1.2146,             0.00033848,             0.00033848,             0.00033848
                    164,                0.92442,                0.82025,                 1.3806,                0.96886,                0.96843,                  1.378,                0.88079,                0.93108,                0.97112,                0.81323,                0.61504,                 0.4725,                 1.1644,                0.66949,                0.44374,                 1.2007,             0.00033023,             0.00033023,             0.00033023
                    165,                0.92783,                0.83103,                 1.3841,                0.97609,                0.98512,                 1.3812,                0.98464,                0.87503,                0.97641,                0.80508,                 0.6656,                 0.4782,                 1.1799,                0.67797,                0.42734,                  1.209,             0.00032198,             0.00032198,             0.00032198
                    166,                0.94227,                0.82989,                 1.3966,                0.97702,                0.95932,                  1.389,                0.91689,                0.91775,                0.96975,                0.77132,                0.67599,                0.52426,                 1.2096,                 0.7252,                0.54791,                 1.2352,             0.00031373,             0.00031373,             0.00031373
                    167,                0.92614,                0.79159,                 1.3853,                0.96733,                0.94177,                 1.3941,                0.89976,                0.90586,                0.96261,                0.79795,                0.67436,                0.48383,                 1.1865,                 0.6904,                0.54745,                 1.1909,             0.00030548,             0.00030548,             0.00030548
                    168,                0.91704,                0.80076,                 1.3866,                0.95483,                0.92391,                 1.3829,                0.96282,                0.90129,                0.97503,                0.82284,                0.62026,                0.44831,                  1.153,                0.69526,                0.38945,                   1.18,             0.00029723,             0.00029723,             0.00029723
                    169,                0.93152,                0.80109,                 1.4004,                 0.9727,                0.95298,                 1.3936,                0.91672,                0.90153,                0.97214,                 0.8085,                0.67821,                0.46813,                 1.1927,                0.68451,                 0.5446,                 1.1861,             0.00028897,             0.00028897,             0.00028897
                    170,                0.91489,                0.78167,                 1.3737,                0.95056,                0.90214,                 1.3722,                0.90606,                0.93211,                0.97868,                0.81669,                0.60885,                0.46454,                 1.1456,                0.63886,                0.43599,                  1.164,             0.00028072,             0.00028072,             0.00028072
                    171,                0.91817,                0.84686,                 1.3855,                0.95587,                 1.0281,                 1.3661,                0.91673,                 0.8966,                0.97411,                 0.8041,                0.59737,                0.48191,                 1.1457,                0.62642,                0.50621,                 1.1551,             0.00027247,             0.00027247,             0.00027247
                    172,                0.88589,                  0.784,                 1.3629,                0.92366,                0.93824,                 1.3548,                0.93853,                0.91148,                0.98208,                0.82336,                0.59286,                0.47835,                 1.1335,                0.65208,                0.41361,                 1.1564,             0.00026422,             0.00026422,             0.00026422
                    173,                0.89274,                0.78974,                 1.3735,                0.91808,                0.95315,                 1.3586,                0.93749,                0.90693,                0.97422,                0.82305,                0.60203,                0.48003,                 1.1385,                0.69107,                0.41922,                 1.1772,             0.00025597,             0.00025597,             0.00025597
                    174,                0.90394,                0.83516,                 1.3853,                0.94625,                0.98318,                 1.3882,                0.90733,                0.89528,                0.97091,                 0.8251,                0.60295,                0.44934,                 1.1444,                 0.6489,                0.39389,                 1.1666,             0.00024772,             0.00024772,             0.00024772
                    175,                0.88646,                0.78672,                 1.3579,                0.90306,                0.94845,                  1.332,                0.96933,                0.91302,                0.98273,                0.84164,                0.56218,                0.44239,                 1.1233,                0.60021,                0.34998,                 1.1359,             0.00023946,             0.00023946,             0.00023946
                    176,                0.89844,                0.78084,                 1.3792,                0.92547,                0.91161,                  1.359,                 0.9428,                0.90584,                0.97434,                0.84007,                0.55881,                0.45791,                 1.1119,                 0.6055,                0.39724,                 1.1283,             0.00023121,             0.00023121,             0.00023121
                    177,                0.87285,                0.77239,                 1.3618,                0.91767,                 0.9034,                 1.3584,                0.95922,                 0.8927,                0.97735,                0.83197,                0.58584,                0.44141,                 1.1146,                0.61269,                0.40718,                 1.1337,             0.00022296,             0.00022296,             0.00022296
                    178,                0.86333,                0.77373,                 1.3562,                0.90183,                0.89073,                 1.3431,                0.94057,                0.86642,                0.96986,                0.82788,                 0.5569,                0.44112,                 1.1016,                0.56869,                0.42504,                 1.1189,             0.00021471,             0.00021471,             0.00021471
                    179,                0.88044,                0.77395,                 1.3703,                0.92723,                0.92683,                 1.3713,                  0.953,                0.88364,                0.97712,                0.83051,                0.57579,                0.44733,                 1.1086,                0.57361,                0.40833,                 1.1184,             0.00020646,             0.00020646,             0.00020646
                    180,                  0.869,                0.75108,                 1.3647,                 0.9093,                0.87597,                 1.3649,                 0.9201,                0.92796,                0.97686,                0.82884,                0.56592,                 0.4445,                 1.1063,                0.58439,                0.41628,                 1.1282,             0.00019821,             0.00019821,             0.00019821
                    181,                 0.8778,                0.77677,                 1.3493,                0.91584,                0.89794,                 1.3404,                 0.9052,                0.95238,                0.97823,                 0.8435,                0.57126,                0.44964,                 1.1094,                0.60601,                0.39162,                 1.1352,             0.00018995,             0.00018995,             0.00018995
                    182,                0.88644,                0.78598,                 1.3629,                0.91964,                0.93363,                 1.3609,                0.91166,                 0.9739,                0.98335,                0.85178,                0.54595,                0.44982,                 1.1049,                0.58732,                0.39526,                 1.1351,              0.0001817,              0.0001817,              0.0001817
                    183,                0.85542,                0.75844,                  1.336,                0.90248,                0.89876,                 1.3388,                0.93083,                0.97693,                0.98934,                0.85289,                0.55106,                0.42405,                 1.0973,                0.58583,                0.34614,                 1.1251,             0.00017345,             0.00017345,             0.00017345
                    184,                0.89055,                0.78166,                 1.3724,                 0.9475,                0.93253,                  1.377,                 0.9114,                0.95799,                0.97765,                0.83953,                0.57847,                0.44311,                 1.1159,                0.58566,                0.41573,                 1.1133,              0.0001652,              0.0001652,              0.0001652
                    185,                0.85035,                0.75798,                 1.3338,                0.89077,                0.90284,                  1.333,                0.93291,                0.95387,                0.98669,                0.85564,                0.54671,                0.41858,                 1.0997,                0.56683,                0.38093,                 1.1067,             0.00015695,             0.00015695,             0.00015695
                    186,                0.83815,                0.74949,                 1.3264,                0.87294,                0.87466,                 1.3187,                0.91809,                0.92911,                  0.968,                0.83204,                0.57899,                0.43495,                 1.1222,                0.62199,                0.43683,                  1.136,              0.0001487,              0.0001487,              0.0001487
                    187,                 0.8456,                0.72358,                 1.3336,                0.87929,                0.86289,                 1.3267,                0.89059,                0.96043,                0.97082,                0.84641,                0.55167,                0.45568,                 1.1022,                0.55779,                0.46459,                 1.1166,             0.00014044,             0.00014044,             0.00014044
                    188,                0.84546,                0.75567,                  1.333,                 0.8852,                0.90631,                 1.3272,                0.90101,                 0.9488,                 0.9711,                0.83913,                0.54998,                0.45575,                 1.1034,                 0.5562,                0.44697,                 1.1128,             0.00013219,             0.00013219,             0.00013219
                    189,                0.83482,                0.75728,                 1.3234,                0.87389,                0.91139,                 1.3218,                0.90898,                0.95292,                0.98282,                0.85314,                 0.5407,                0.43007,                 1.0864,                0.54299,                0.40355,                 1.0987,             0.00012394,             0.00012394,             0.00012394
                    190,                0.85288,                0.76729,                 1.3447,                0.88264,                0.91239,                 1.3365,                0.89586,                0.98864,                0.98111,                0.85902,                0.52207,                0.40254,                 1.0714,                0.54281,                0.33929,                 1.0929,             0.00011569,             0.00011569,             0.00011569
                    191,                0.68377,                0.73461,                 1.2208,                0.72357,                0.74887,                 1.2387,                0.92371,                0.95475,                0.98586,                0.86084,                0.53042,                0.41505,                 1.0733,                0.55156,                0.33686,                  1.098,             0.00010744,             0.00010744,             0.00010744
                    192,                0.67993,                0.64337,                 1.2383,                0.73973,                0.69267,                 1.2617,                0.92136,                0.95346,                0.98328,                0.85866,                0.53968,                0.41624,                 1.0777,                0.57063,                 0.3377,                 1.1012,             9.9187e-05,             9.9187e-05,             9.9187e-05
                    193,                0.66063,                0.55029,                  1.204,                0.71922,                0.60083,                 1.2275,                0.94086,                0.95292,                0.98389,                0.85039,                0.55884,                0.43792,                 1.0861,                0.60538,                0.36456,                 1.1115,             9.0935e-05,             9.0935e-05,             9.0935e-05
                    194,                0.66704,                0.55161,                 1.2029,                 0.7103,                0.55709,                 1.2209,                0.95394,                0.94102,                0.98174,                0.84861,                0.54405,                0.43099,                 1.0717,                0.59324,                0.37848,                 1.1084,             8.2683e-05,             8.2683e-05,             8.2683e-05
                    195,                0.68057,                0.57496,                 1.2167,                0.73507,                0.57356,                 1.2344,                0.87444,                0.97048,                0.97255,                0.84408,                0.55449,                0.42808,                 1.0793,                0.59238,                0.41288,                  1.101,             7.4432e-05,             7.4432e-05,             7.4432e-05
                    196,                0.65444,                0.51478,                  1.187,                0.68696,                0.52348,                 1.1985,                0.87514,                0.95951,                 0.9724,                0.84219,                0.55427,                0.43075,                 1.0756,                 0.5716,                0.42564,                 1.0919,              6.618e-05,              6.618e-05,              6.618e-05
                    197,                0.65302,                0.52662,                 1.1941,                0.68799,                 0.5698,                 1.2074,                0.89628,                0.95167,                0.98107,                0.83968,                 0.5524,                0.42886,                  1.072,                0.58351,                0.38063,                 1.1026,             5.7928e-05,             5.7928e-05,             5.7928e-05
                    198,                 0.6202,                0.52629,                 1.1708,                0.67368,                0.56037,                 1.1957,                0.91556,                0.96591,                0.98269,                0.84096,                 0.5542,                0.42791,                 1.0749,                0.59847,                0.36606,                 1.1177,             4.9677e-05,             4.9677e-05,             4.9677e-05
                    199,                0.65906,                0.52256,                 1.1995,                0.68342,                0.52336,                 1.2067,                0.93545,                0.94312,                0.98366,                0.84641,                 0.5488,                0.41938,                 1.0757,                0.59429,                0.36066,                 1.1193,             4.1425e-05,             4.1425e-05,             4.1425e-05
                    200,                0.62459,                0.50603,                 1.1726,                0.67191,                0.51126,                  1.187,                0.92264,                0.93962,                0.97765,                 0.8496,                0.55169,                0.41826,                 1.0793,                0.59292,                0.35906,                 1.1213,             3.3173e-05,             3.3173e-05,             3.3173e-05
